"ID","Player","Team","Position","RkOv","Status","Opponent","FPts","FP/G","%D","ADP","Ros"
"*061vq*","Erling Haaland","MCI","F","1","FA","@CHE Sun 11:30AM","534","18.41","100%","1.58","99%"
"*04y92*","Bukayo Saka","ARS","M","2","FA","WOL Sat 10:00AM","490.5","15.82","100%","2.36","100%"
"*05nt6*","Eberechi Eze","CRY","M","3","FA","@BRF Sun 9:00AM","478","15.93","100%","11.37","100%"
"*03aqp*","Mohamed Salah","LIV","F","4","FA","@IPS Sat 7:30AM","463","15.97","100%","4.73","100%"
"*05ocl*","Ollie Watkins","AVL","F","5","FA","@WHU Sat 12:30PM","463","12.86","100%","8.08","100%"
"*05l8q*","Cole Palmer","CHE","M","6","FA","MCI Sun 11:30AM","460","15.33","100%","3.51","100%"
"*05gcr*","Bruno Fernandes","MUN","M","7","FA","FUL Fri 3:00PM","447.5","13.98","100%","5.55","100%"
"*04abb*","Phil Foden","MCI","M","8","FA","@CHE Sun 11:30AM","423.5","14.6","100%","5.94","100%"
"*02oox*","Kevin De Bruyne","MCI","M","9","FA","@CHE Sun 11:30AM","418.5","17.44","100%","10.12","100%"
"*03v9d*","Son Heung-Min","TOT","F","10","FA","@LEI Mon 3:00PM","403","13.43","100%","9.46","100%"
"*04mdn*","Anthony Gordon","NEW","M","11","FA","SOU Sat 10:00AM","388","12.93","100%","15.99","100%"
"*05r9b*","Martin Odegaard","ARS","M","12","FA","WOL Sat 10:00AM","388","12.12","100%","8.97","100%"
"*06fv8*","Mohammed Kudus","WHU","M","13","FA","AVL Sat 12:30PM","362.5","11.69","100%","19.65","99%"
"*06mgd*","Abdul Fatawu","LEI","F","14","FA","TOT Mon 3:00PM","353.5","12.19","90%","91.47","90%"
"*05o6h*","Kai Havertz","ARS","F","15","FA","WOL Sat 10:00AM","345","12.32","100%","19.06","99%"
"*04qr9*","Morgan Gibbs-White","NOT","M","16","FA","BOU Sat 10:00AM","340.5","10.32","100%","27.21","100%"
"*0414o*","James Maddison","TOT","M","17","FA","@LEI Mon 3:00PM","333","12.81","100%","17.07","100%"
"*06cm0*","Christopher Nkunku","CHE","F","18","FA","MCI Sun 11:30AM","328","14.26","100%","33.32","100%"
"*0646f*","Alexander Isak","NEW","F","19","FA","SOU Sat 10:00AM","327.5","12.13","100%","11.62","100%"
"*04p0d*","Dwight McNeil","EVE","M","20","FA","BHA Sat 10:00AM","327.5","10.56","100%","51.38","98%"
"*05ylj*","Bruno Guimaraes","NEW","M","21","FA","SOU Sat 10:00AM","321.5","9.74","100%","28.33","99%"
"*04agz*","Declan Rice","ARS","M","22","FA","WOL Sat 10:00AM","321","9.44","100%","28.46","100%"
"*06fup*","Jeremy Doku","MCI","M","23","FA","@CHE Sun 11:30AM","316.5","15.82","100%","30.79","100%"
"*052h5*","Gabriel Martinelli","ARS","M","24","FA","WOL Sat 10:00AM","312.5","13.59","100%","40.43","100%"
"*046c5*","Jarrod Bowen","WHU","M","25","FA","AVL Sat 12:30PM","311.5","10.38","100%","21.27","100%"
"*061x2*","Darwin Nunez","LIV","F","26","FA","@IPS Sat 7:30AM","310.5","14.11","100%","24.52","100%"
"*060wh*","Alejandro Garnacho","MUN","M","28","FA","FUL Fri 3:00PM","309.5","10.67","100%","39.11","100%"
"*067yv*","Cody Gakpo","LIV","F","27","FA","@IPS Sat 7:30AM","309.5","14.07","100%","46.79","99%"
"*05r8o*","Jean-Philippe Mateta","CRY","F","29","FA","@BRF Sun 9:00AM","303","10.82","100%","48.94","99%"
"*061vn*","Rodrigo Muniz","FUL","F","30","FA","@MUN Fri 3:00PM","302.5","11.2","97%","67.49","98%"
"*03srg*","Trent Alexander-Arnold","LIV","D","31","FA","@IPS Sat 7:30AM","299.5","9.98","100%","14.17","100%"
"*048xh*","Stephy Mavididi","LEI","F","32","FA","TOT Mon 3:00PM","299","10.31","87%","104.91","87%"
"*0524k*","Rodri","MCI","M","33","FA","@CHE Sun 11:30AM","295","9.52","100%","28.15","99%"
"*068y0*","Antoine Semenyo","BOU","F","34","FA","@NOT Sat 10:00AM","294.5","11.33","90%","97.68","90%"
"*045c8*","Gabriel Jesus","ARS","F","35","FA","WOL Sat 10:00AM","291","14.55","96%","68.61","98%"
"*05g2o*","Joao Pedro","BHA","F","36","FA","@EVE Sat 10:00AM","285.5","12.41","100%","54.15","99%"
"*05trb*","Bryan Mbeumo","BRF","F","37","FA","CRY Sun 9:00AM","284","10.92","100%","43.36","99%"
"*03rxs*","Harry Wilson","FUL","M","38","FA","@MUN Fri 3:00PM","282.5","10.46","51%","128.12","54%"
"*04fk6*","Bernardo Silva","MCI","M","39","FA","@CHE Sun 11:30AM","279.5","10.35","100%","42.69","99%"
"*0522h*","Alexis Mac Allister","LIV","M","40","FA","@IPS Sat 7:30AM","279","9.62","100%","50.91","99%"
"*05uns*","Leon Bailey","AVL","M","41","FA","@WHU Sat 12:30PM","277","12.59","100%","49.19","99%"
"*04mi4*","Callum Hudson-Odoi","NOT","F","42","FA","BOU Sat 10:00AM","275","10.19","87%","106.12","91%"
"*05yld*","Luis Diaz","LIV","F","43","FA","@IPS Sat 7:30AM","274.5","13.07","100%","23.26","99%"
"*05n07*","Pedro Porro","TOT","D","44","FA","@LEI Mon 3:00PM","273","8.27","100%","34.04","100%"
"*068n8*","Noni Madueke","CHE","M","45","FA","MCI Sun 11:30AM","272.5","12.39","93%","95.59","94%"
"*0647t*","Lucas Paqueta","WHU","M","46","FA","AVL Sat 12:30PM","271.5","10.06","98%","66.11","98%"
"*067yz*","Matheus Cunha","WOL","F","47","FA","@ARS Sat 10:00AM","270","10.38","98%","61.72","97%"
"*03ar4*","Adam Armstrong","SOU","F","48","FA","@NEW Sat 10:00AM","264.5","8.82","73%","121.06","76%"
"*05ylx*","Dejan Kulusevski","TOT","M","49","FA","@LEI Mon 3:00PM","261.5","11.37","100%","52.38","99%"
"*02oq8*","James Ward-Prowse","WHU","M","50","FA","AVL Sat 12:30PM","260","9.63","100%","37.73","99%"
"*0520r*","Leandro Trossard","ARS","M","51","FA","WOL Sat 10:00AM","258.5","12.93","99%","76.58","98%"
"*051k0*","John McGinn","AVL","M","53","FA","@WHU Sat 12:30PM","258","8.32","99%","75.67","97%"
"*037mo*","Willian","FUL","F","52","FA","@MUN Fri 3:00PM","258","9.56","19%","208.84","20%"
"*049tq*","Dominic Calvert-Lewin","EVE","F","54","FA","BHA Sat 10:00AM","257","9.52","87%","104.53","90%"
"*05r34*","Amad Diallo","MUN","M","55","FA","FUL Fri 3:00PM","256","12.8","82%","112.99","84%"
"*03v6w*","Ivan Toney","BRF","F","56","FA","CRY Sun 9:00AM","256","11.64","100%","25.83","100%"
"*05ogb*","Anthony Elanga","NOT","F","57","FA","BOU Sat 10:00AM","254.5","9.09","73%","128.62","73%"
"*04spw*","James Garner","EVE","M","58","FA","BHA Sat 10:00AM","249.5","8.6","34%","145.13","39%"
"*03jly*","Andreas Pereira","FUL","M","59","FA","@MUN Fri 3:00PM","249","8.59","96%","83.08","95%"
"*03yu2*","Abdoulaye Doucoure","EVE","M","60","FA","BHA Sat 10:00AM","247","8.82","72%","127.45","73%"
"*061ve*","Ryan Christie","BOU","M","61","FA","@NOT Sat 10:00AM","245.5","9.09","83%","112.23","82%"
"*062ci*","Kaoru Mitoma","BHA","M","62","FA","@EVE Sat 10:00AM","245.5","10.67","100%","44.06","99%"
"*061ya*","Brennan Johnson","TOT","F","63","FA","@LEI Mon 3:00PM","242","11","97%","75.78","97%"
"*03sbh*","Enes Unal","BOU","F","64","FA","@NOT Sat 10:00AM","239","10.86","2%","393.97","6%"
"*03gu5*","Andrew Robertson","LIV","D","65","FA","@IPS Sat 7:30AM","235.5","8.12","100%","43.44","100%"
"*06jgs*","Adam Wharton","CRY","M","66","FA","@BRF Sun 9:00AM","235.5","7.85","92%","97.53","90%"
"*05uhw*","Samuel Edozie","SOU","M","67","FA","@NEW Sat 10:00AM","235","10.68","12%","284.13","13%"
"*043qy*","Lewis Cook","BOU","M","68","FA","@NOT Sat 10:00AM","234.5","7.56","42%","144.34","45%"
"*038ze*","Alex Iwobi","FUL","M","69","FA","@MUN Fri 3:00PM","234","7.55","86%","103.57","87%"
"*03fgo*","Dominic Solanke","TOT","F","70","FA","@LEI Mon 3:00PM","234","10.64","100%","22.79","100%"
"*06mn8*","Rodrigo Gomes","WOL","F","71","FA","@ARS Sat 10:00AM","231.5","11.57","9%","308.23","16%"
"*04qr8*","Diogo Jota","LIV","F","73","FA","@IPS Sat 7:30AM","230.5","14.41","100%","54.83","99%"
"*0554t*","William Smallbone","SOU","M","72","FA","@NEW Sat 10:00AM","230.5","7.44","32%","151.97","30%"
"*0554i*","Joelinton","NEW","M","74","FA","SOU Sat 10:00AM","227","9.46","81%","107.43","84%"
"*04spq*","Jack Harrison","EVE","M","75","FA","BHA Sat 10:00AM","226","9.42","38%","135.95","39%"
"*06cmm*","Dominik Szoboszlai","LIV","M","76","FA","@IPS Sat 7:30AM","225.5","11.87","100%","52.96","100%"
"*05ubv*","Omari Hutchinson","IPS","M","77","FA","LIV Sat 7:30AM","225","9.38","85%","111.74","87%"
"*06cm1*","Nicolas Jackson","CHE","F","78","FA","MCI Sun 11:30AM","223","11.15","97%","65.5","97%"
"*06clt*","Justin Kluivert","BOU","M","79","FA","@NOT Sat 10:00AM","223","10.14","41%","151.06","41%"
"*0639x*","Marcus Tavernier","BOU","M","80","FA","@NOT Sat 10:00AM","222","10.09","85%","101.75","86%"
"*0427d*","James Tarkowski","EVE","D","81","FA","BHA Sat 10:00AM","221.5","6.51","99%","57.38","98%"
"*05uht*","Morgan Rogers","AVL","M","82","FA","@WHU Sat 12:30PM","220","12.22","82%","104.48","86%"
"*06jgi*","Daniel Munoz","CRY","D","83","FA","@BRF Sun 9:00AM","219.5","6.86","100%","60.29","99%"
"*02lm7*","Jack Grealish","MCI","M","84","FA","@CHE Sun 11:30AM","218.5","12.14","96%","86.95","96%"
"*04e1k*","Solly March","BHA","M","85","FA","@EVE Sat 10:00AM","218","11.47","94%","82.47","92%"
"*05tr8*","Christian Norgaard","BRF","M","86","FA","CRY Sun 9:00AM","217","7.75","17%","236.18","19%"
"*062h9*","Luis Sinisterra","BOU","F","87","FA","@NOT Sat 10:00AM","216.5","12.74","18%","222.08","20%"
"*04qfz*","Diogo Dalot","MUN","D","88","FA","FUL Fri 3:00PM","214.5","6.5","100%","65.95","99%"
"*0666p*","Kobbie Mainoo","MUN","M","89","FA","FUL Fri 3:00PM","214.5","7.94","99%","75.39","98%"
"*05tre*","Vitaly Janelt","BRF","M","90","FA","CRY Sun 9:00AM","213","7.1","13%","267.41","14%"
"*0626q*","Simon Adingra","BHA","M","91","FA","@EVE Sat 10:00AM","212.5","10.62","90%","96.43","90%"
"*04rzl*","Taiwo Awoniyi","NOT","F","92","FA","BOU Sat 10:00AM","212","10.6","38%","145.78","39%"
"*06mnc*","Daichi Kamada","CRY","M","93","FA","@BRF Sun 9:00AM","211.5","8.81","80%","111.61","84%"
"*02lpf*","Ross Barkley","AVL","M","94","FA","@WHU Sat 12:30PM","211","11.72","94%","89.56","91%"
"*063y7*","Destiny Udogie","TOT","D","95","FA","@LEI Mon 3:00PM","209.5","6.76","97%","89.65","97%"
"*04io3*","Mario Lemina","WOL","M","96","FA","@ARS Sat 10:00AM","209","6.74","17%","245.81","17%"
"*06exb*","Rasmus Hojlund","MUN","F","97","FA","FUL Fri 3:00PM","206","9.36","97%","74.33","96%"
"*02m5b*","Chris Wood","NOT","F","98","FA","BOU Sat 10:00AM","203","9.23","49%","134","56%"
"*06mg7*","Conor Chaplin","IPS","F","99","FA","LIV Sat 7:30AM","201.5","7.46","34%","145.62","33%"
"*04yo7*","Youri Tielemans","AVL","M","100","FA","@WHU Sat 12:30PM","199.5","9.07","42%","141.73","45%"
"*06o2t*","Niclas Füllkrug","WHU","F","101","FA","AVL Sat 12:30PM","197.5","8.98","63%","80.99","62%"
"*03ybi*","Marcus Rashford","MUN","F","102","FA","FUL Fri 3:00PM","197.5","10.97","99%","67.83","99%"
"*05m47*","George Hirst","IPS","F","103","FA","LIV Sat 7:30AM","196.5","6.55","1%","1146.91","4%"
"*06mow*","Jorgen Strand Larsen","WOL","F","104","FA","@ARS Sat 10:00AM","195.5","8.89","8%","326.44","11%"
"*06fxv*","Jean-Ricner Bellegarde","WOL","M","105","FA","@ARS Sat 10:00AM","195","8.86","1%","1168.07","1%"
"*03rxa*","Idrissa Gueye","EVE","M","106","FA","BHA Sat 10:00AM","195","6.96","6%","354.08","10%"
"*06mve*","Joshua Zirkzee","MUN","F","107","FA","FUL Fri 3:00PM","195","9.75","87%","104.88","90%"
"*05748*","Ismaila Sarr","CRY","F","108","FA","@BRF Sun 9:00AM","194","12.12","54%","117.23","56%"
"*05rb8*","Moises Caicedo","CHE","M","109","FA","MCI Sun 11:30AM","193.5","6.67","47%","136.66","51%"
"*04io4*","Richarlison","TOT","F","110","FA","@LEI Mon 3:00PM","191.5","11.97","65%","131.09","70%"
"*05tr9*","Mathias Jensen","BRF","M","111","FA","CRY Sun 9:00AM","190","8.64","50%","136.16","55%"
"*06mg6*","Wes Burns","IPS","F","112","FA","LIV Sat 7:30AM","189","7.88","2%","1097.48","2%"
"*05y55*","Kasey McAteer","LEI","M","113","FA","TOT Mon 3:00PM","189","9.45","4%","376.63","2%"
"*05w91*","Hwang Hee-Chan","WOL","F","114","FA","@ARS Sat 10:00AM","188.5","8.57","76%","123.29","78%"
"*06igk*","Ben Brereton","SOU","F","115","FA","@NEW Sat 10:00AM","188","9.4","23%","164.78","26%"
"*06dps*","Andre Onana","MUN","G","116","FA","FUL Fri 3:00PM","186","4.89","99%","93.12","99%"
"*05uor*","Yoane Wissa","BRF","F","117","FA","CRY Sun 9:00AM","185","10.28","78%","118.72","82%"
"*05udg*","Jose Sa","WOL","G","118","FA","@ARS Sat 10:00AM","184","4.84","84%","121.76","84%"
"*04aiz*","Wilfred Ndidi","LEI","M","119","FA","TOT Mon 3:00PM","184","6.81","6%","356.45","9%"
"*04e1e*","Ben White","ARS","D","120","FA","WOL Sat 10:00AM","183.5","5.73","100%","38.4","100%"
"*03vlj*","Virgil van Dijk","LIV","D","121","FA","@IPS Sat 7:30AM","182.5","5.53","100%","44.11","100%"
"*05nil*","Leif Davis","IPS","D","122","FA","LIV Sat 7:30AM","182","6.28","96%","85.69","95%"
"*068lx*","Dango Ouattara","BOU","M","123","FA","@NOT Sat 10:00AM","182","11.38","13%","273.91","16%"
"*05gcc*","Kiernan Dewsbury-Hall","CHE","M","124","FA","MCI Sun 11:30AM","181.5","9.07","85%","105.84","87%"
"*068yd*","Joao Gomes","WOL","M","125","FA","@ARS Sat 10:00AM","181.5","6.26","8%","321.35","11%"
"*032f9*","Jordan Pickford","EVE","G","126","FA","BHA Sat 10:00AM","181","4.76","94%","110.03","97%"
"*02lot*","Massimo Luongo","IPS","M","127","FA","LIV Sat 7:30AM","180.5","6.69","4%","349.84","4%"
"*061xs*","Julio Enciso","BHA","M","128","FA","@EVE Sat 10:00AM","179.5","11.22","76%","117.85","77%"
"*04sat*","Emile Smith Rowe","FUL","M","129","FA","@MUN Fri 3:00PM","175.5","9.75","94%","72.15","98%"
"*06mg0*","Sam Morsy","IPS","M","130","FA","LIV Sat 7:30AM","175","5.65","13%","278.41","15%"
"*03bwz*","Harry Winks","LEI","M","131","FA","TOT Mon 3:00PM","173","5.41","12%","280.58","12%"
"*062oq*","Joe Ayodele-Aribo","SOU","M","132","FA","@NEW Sat 10:00AM","171.5","7.46","2%","1098.24","2%"
"*06clu*","Mark Flekken","BRF","G","133","FA","CRY Sun 9:00AM","171","4.5","45%","148.53","51%"
"*056iy*","Pedro Neto","WOL","F","134","FA","@ARS Sat 10:00AM","170","9.44","100%","43.2","98%"
"*051k3*","Jacob Ramsey","AVL","M","135","FA","@WHU Sat 12:30PM","169.5","9.42","17%","233.03","20%"
"*06mga*","Mads Hermansen","LEI","G","136","FA","TOT Mon 3:00PM","169","4.45","20%","201.73","23%"
"*04qor*","Bernd Leno","FUL","G","137","FA","@MUN Fri 3:00PM","169","4.45","54%","145.68","59%"
"*05opj*","Elliot Anderson","NOT","M","138","FA","BOU Sat 10:00AM","168","8.4","18%","223.41","17%"
"*06cms*","Sandro Tonali","NEW","M","139","FA","SOU Sat 10:00AM","166.5","7.57","65%","126.48","65%"
"*062hb*","Flynn Downes","SOU","M","140","FA","@NEW Sat 10:00AM","166","5.35","3%","398.37","4%"
"*04civ*","Scott McTominay","MUN","M","141","FA","FUL Fri 3:00PM","166","8.3","28%","151.32","33%"
"*068a3*","Danilo","NOT","M","144","FA","BOU Sat 10:00AM","165","7.5","3%","394.35","4%"
"*05tr1*","Ethan Pinnock","BRF","D","142","FA","CRY Sun 9:00AM","165","5.32","96%","91.41","94%"
"*05w7t*","Pape Sarr","TOT","M","143","FA","@LEI Mon 3:00PM","165","7.5","15%","267.06","15%"
"*05oig*","Liam Delap","IPS","F","145","FA","LIV Sat 7:30AM","164","6.31","12%","288.74","12%"
"*06mpp*","Mats Wieffer","BHA","M","146","FA","@EVE Sat 10:00AM","164","8.2","7%","327.34","10%"
"*068yt*","Sasa Lukic","FUL","M","147","FA","@MUN Fri 3:00PM","162","5.79","0%","1156","2%"
"*05r94*","Iliman Ndiaye","EVE","F","148","FA","BHA Sat 10:00AM","161.5","10.09","26%","152.89","30%"
"*03rzp*","Antonee Robinson","FUL","D","149","FA","@MUN Fri 3:00PM","160.5","4.86","99%","71.91","98%"
"*05rff*","Jaden Philogene-Bidace","AVL","F","150","FA","@WHU Sat 12:30PM","159","12.23","11%","302.73","11%"
"*04sft*","Yves Bissouma","TOT","M","151","FA","@LEI Mon 3:00PM","157","6.04","10%","304.46","12%"
"*04xjr*","Harvey Elliott","LIV","M","152","FA","@IPS Sat 7:30AM","157","9.81","81%","120.84","82%"
"*044ei*","Nick Pope","NEW","G","153","FA","SOU Sat 10:00AM","156","4.11","88%","124.77","91%"
"*04sjt*","Alisson","LIV","G","154","FA","@IPS Sat 7:30AM","155","4.08","99%","91.61","99%"
"*068a7*","Pablo Sarabia","WOL","M","155","FA","@ARS Sat 10:00AM","154","9.62","73%","119.89","74%"
"*05l27*","Jarrad Branthwaite","EVE","D","156","FA","BHA Sat 10:00AM","153","4.5","96%","95.46","96%"
"*04rd0*","Bobby De Cordova-Reid","LEI","F","157","FA","TOT Mon 3:00PM","152.5","7.62","5%","365.2","5%"
"*068ym*","Enzo Fernandez","CHE","M","158","FA","MCI Sun 11:30AM","151.5","6.89","74%","120.47","76%"
"*05gcp*","Tomas Soucek","WHU","M","159","FA","AVL Sat 12:30PM","151.5","7.97","66%","128.21","67%"
"*067zv*","Kevin Schade","BRF","M","160","FA","CRY Sun 9:00AM","151","9.44","15%","246.15","18%"
"*04tzt*","Jefferson Lerma","CRY","M","161","FA","@BRF Sun 9:00AM","150.5","6.84","9%","310.92","9%"
"*0632a*","Sekou Mara","SOU","F","162","FA","@NEW Sat 10:00AM","149.5","9.34","2%","385.46","2%"
"*062ot*","Cheick Doucoure","CRY","M","163","FA","@BRF Sun 9:00AM","148","7.4","2%","1126.13","2%"
"*05os4*","Rayan Ait-Nouri","WOL","D","164","FA","@ARS Sat 10:00AM","147.5","5.09","79%","119.9","80%"
"*06ex4*","Josko Gvardiol","MCI","D","165","FA","@CHE Sun 11:30AM","147","5.65","100%","39.55","99%"
"*06mvz*","Savio","MCI","F","166","FA","@CHE Sun 11:30AM","147","13.36","75%","115.85","79%"
"*05oef*","Alphonse Areola","WHU","G","167","FA","AVL Sat 12:30PM","146","3.84","60%","140.64","61%"
"*05u4m*","Patson Daka","LEI","F","168","FA","TOT Mon 3:00PM","146","9.12","12%","289.63","11%"
"*02lz0*","Emiliano Martinez","AVL","G","169","FA","@WHU Sat 12:30PM","146","3.84","90%","114.46","92%"
"*03dyk*","Jamie Vardy","LEI","F","170","FA","TOT Mon 3:00PM","144","8.47","48%","139.22","50%"
"*05vyj*","Evan Ferguson","BHA","F","171","FA","@EVE Sat 10:00AM","143.5","8.44","18%","224.01","24%"
"*03u2b*","Adama Traore","FUL","F","172","FA","@MUN Fri 3:00PM","143.5","11.04","5%","362.81","6%"
"*02lnx*","Danny Welbeck","BHA","F","173","FA","@EVE Sat 10:00AM","143.5","8.97","5%","362.27","6%"
"*0328q*","Tom Cairney","FUL","M","174","FA","@MUN Fri 3:00PM","143","7.53","1%","1173.51","2%"
"*051k7*","Reece James","CHE","D","175","FA","MCI Sun 11:30AM","143","7.15","99%","63.63","97%"
"*05s08*","Valentino Livramento","NEW","D","176","FA","SOU Sat 10:00AM","143","6.5","46%","137.82","51%"
"*04gw6*","Arijanet Muric","IPS","G","177","FA","LIV Sat 7:30AM","143","3.76","29%","153.87","35%"
"*052cb*","Ian Maatsen","AVL","D","178","FA","@WHU Sat 12:30PM","141","5.88","100%","82.76","98%"
"*06cmb*","Guglielmo Vicario","TOT","G","179","FA","@LEI Mon 3:00PM","141","3.71","77%","126.94","81%"
"*02lsa*","Dan Burn","NEW","D","180","FA","SOU Sat 10:00AM","140.5","4.84","88%","116.59","87%"
"*06fy7*","Nicolas Dominguez","NOT","M","181","FA","BOU Sat 10:00AM","140","7","2%","1070.99","2%"
"*052cd*","Mason Mount","MUN","M","182","FA","FUL Fri 3:00PM","140","11.67","49%","139.74","51%"
"*05ye7*","Oscar Bobb","MCI","M","183","FA","@CHE Sun 11:30AM","139.5","12.68","43%","135.08","54%"
"*063e3*","Neto","BOU","G","184","FA","@NOT Sat 10:00AM","138","3.63","20%","214.01","27%"
"*05a6e*","Neco Williams","NOT","D","185","FA","BOU Sat 10:00AM","138","5.11","23%","166.37","25%"
"*05rl4*","Crysencio Summerville","WHU","F","186","FA","AVL Sat 12:30PM","136","9.71","45%","99.04","46%"
"*02oq6*","Luke Shaw","MUN","D","187","FA","FUL Fri 3:00PM","134","5.58","97%","90.24","95%"
"*05nzu*","Gabriel Magalhaes","ARS","D","188","FA","WOL Sat 10:00AM","133","4.03","99%","63.04","99%"
"*05os8*","Joachim Andersen","CRY","D","189","FA","@BRF Sun 9:00AM","132.5","3.68","97%","92.71","96%"
"*04qrc*","Raul Jimenez","FUL","F","190","FA","@MUN Fri 3:00PM","131.5","8.22","4%","376.96","4%"
"*04tig*","Fabian Schar","NEW","D","191","FA","SOU Sat 10:00AM","131.5","4.11","99%","86.06","98%"
"*063q8*","Mikkel Damsgaard","BRF","M","192","FA","CRY Sun 9:00AM","129.5","8.09","2%","402.59","2%"
"*05uhj*","Conor Bradley","LIV","D","193","FA","@IPS Sat 7:30AM","129","9.92","81%","115.16","81%"
"*06nv3*","Filip Jørgensen","CHE","G","194","FA","MCI Sun 11:30AM","129","4.3","9%","323.9","12%"
"*05s00*","Daniel Jebbison","BOU","F","195","FA","@NOT Sat 10:00AM","127.5","9.81","0%","1200.4","1%"
"*04u41*","Mateo Kovacic","MCI","M","196","FA","@CHE Sun 11:30AM","127.5","7.97","6%","344.69","8%"
"*03gu4*","Harry Maguire","MUN","D","197","FA","FUL Fri 3:00PM","127.5","4.72","38%","144.74","45%"
"*068a1*","Mykhailo Mudryk","CHE","M","198","FA","MCI Sun 11:30AM","127","9.77","62%","136.75","61%"
"*05mxc*","Timo Werner","TOT","F","199","FA","@LEI Mon 3:00PM","127","11.55","49%","137.2","54%"
"*05o4c*","Timothy Castagne","FUL","D","200","FA","@MUN Fri 3:00PM","125.5","3.8","50%","140.61","52%"
"*061y6*","Ryan Yates","NOT","M","201","FA","BOU Sat 10:00AM","125.5","5.7","0%","1112.2","1%"
"*06f81*","Edson Alvarez","WHU","M","202","FA","AVL Sat 12:30PM","125","6.25","2%","384.47","5%"
"*051kl*","Emiliano Buendia","AVL","M","203","FA","@WHU Sat 12:30PM","125","11.36","28%","143.34","26%"
"*04abn*","Harvey Barnes","NEW","M","204","FA","SOU Sat 10:00AM","124.5","11.32","85%","108.47","86%"
"*05opk*","Vladimir Coufal","WHU","D","205","FA","AVL Sat 12:30PM","124","4","35%","146.04","36%"
"*06fso*","Wataru Endo","LIV","M","206","FA","@IPS Sat 7:30AM","124","7.75","5%","343.25","6%"
"*061z3*","Fabio Vieira","ARS","M","208","FA","WOL Sat 10:00AM","124","12.4","2%","1061.99","3%"
"*063e7*","Marcos Senesi","BOU","D","207","FA","@NOT Sat 10:00AM","124","3.76","73%","125.6","74%"
"*03dx3*","Kieran Trippier","NEW","D","209","FA","SOU Sat 10:00AM","123.5","9.5","100%","33.63","99%"
"*04ge6*","Joe Willock","NEW","M","210","FA","SOU Sat 10:00AM","123","9.46","6%","341.19","7%"
"*05u7f*","Ibrahima Konate","LIV","D","211","FA","@IPS Sat 7:30AM","121.5","5.52","78%","121.9","76%"
"*063hu*","Amadou Onana","AVL","M","212","FA","@WHU Sat 12:30PM","121.5","6.75","41%","135.99","43%"
"*03sgc*","Jordan Ayew","CRY","F","213","FA","@BRF Sun 9:00AM","120.5","9.27","10%","302.29","12%"
"*06f8y*","Alex Scott","BOU","M","214","FA","@NOT Sat 10:00AM","120.5","7.53","6%","354.77","7%"
"*06fxe*","Ryan Gravenberch","LIV","M","215","FA","@IPS Sat 7:30AM","119.5","9.19","2%","394.93","5%"
"*04qfy*","Ricardo Pereira","LEI","D","216","FA","TOT Mon 3:00PM","118.5","4.09","60%","130.51","63%"
"*0558w*","William Saliba","ARS","D","217","FA","WOL Sat 10:00AM","117.5","3.46","100%","53.67","99%"
"*05uoc*","Cristian Romero","TOT","D","218","FA","@LEI Mon 3:00PM","117","3.77","97%","82.51","97%"
"*05ue7*","Frank Onyeka","BRF","M","219","FA","CRY Sun 9:00AM","116.5","7.28","0%","-","0%"
"*04f67*","Philip Billing","BOU","M","220","FA","@NOT Sat 10:00AM","116","9.67","3%","377.81","3%"
"*061va*","Boubacar Kamara","AVL","M","221","FA","@WHU Sat 12:30PM","114","6","0%","1150.8","1%"
"*04ge9*","Eddie Nketiah","ARS","F","222","FA","WOL Sat 10:00AM","114","12.67","13%","277.98","17%"
"*06fuw*","Djordje Petrovic","CHE","G","223","FA","MCI Sun 11:30AM","113","4.71","7%","344.58","8%"
"*062p3*","Keane Lewis-Potter","BRF","F","224","FA","CRY Sun 9:00AM","112.5","8.65","0%","1148.8","1%"
"*05u5d*","Boubakary Soumare","LEI","M","225","FA","TOT Mon 3:00PM","112.5","5.11","0%","-","0%"
"*03yww*","Dean Henderson","CRY","G","226","FA","@BRF Sun 9:00AM","112","3.29","16%","249.66","22%"
"*04s8k*","Jorginho","ARS","M","227","FA","WOL Sat 10:00AM","111","8.54","5%","353.14","5%"
"*04mdj*","Nathan Broadhead","IPS","F","228","FA","LIV Sat 7:30AM","110.5","8.5","3%","379.8","3%"
"*062cn*","Julian Alvarez","MCI","F","229","FA","@CHE Sun 11:30AM","109.5","15.64","84%","52.44","68%"
"*03am7*","Jacob Murphy","NEW","M","230","FA","SOU Sat 10:00AM","109.5","9.95","58%","133.75","63%"
"*06clz*","Malo Gusto","CHE","D","231","FA","MCI Sun 11:30AM","109","4.95","93%","106.41","93%"
"*05w9q*","Odsonne Edouard","CRY","F","232","FA","@BRF Sun 9:00AM","107.5","9.77","6%","351.55","5%"
"*03frx*","Ola Aina","NOT","D","233","FA","BOU Sat 10:00AM","106.5","3.8","4%","376.57","6%"
"*06nl5*","Jesper Lindstrøm","EVE","M","234","FA","BHA Sat 10:00AM","106.5","9.68","14%","264.48","14%"
"*04ug0*","Sean Longstaff","NEW","M","235","FA","SOU Sat 10:00AM","106.5","6.66","4%","362.72","7%"
"*04fk5*","Ederson","MCI","G","236","FA","@CHE Sun 11:30AM","106","2.79","64%","114.79","72%"
"*05w9i*","Marc Cucurella","CHE","D","237","FA","MCI Sun 11:30AM","104","4.33","92%","108.66","91%"
"*05akv*","Tyrick Mitchell","CRY","D","238","FA","@BRF Sun 9:00AM","103.5","3.04","79%","123.53","80%"
"*05u1m*","Nathan Collins","BRF","D","239","FA","CRY Sun 9:00AM","102.5","3.94","4%","365.63","6%"
"*04o82*","Curtis Jones","LIV","M","240","FA","@IPS Sat 7:30AM","102.5","8.54","5%","354.79","8%"
"*063zg*","Pervis Estupinan","BHA","D","241","FA","@EVE Sat 10:00AM","102","5.67","81%","115.72","83%"
"*05yg5*","Toti","WOL","D","242","FA","@ARS Sat 10:00AM","101","3.06","4%","370.72","5%"
"*04yo6*","Miguel Almiron","NEW","M","243","FA","SOU Sat 10:00AM","100.5","9.14","20%","192.49","19%"
"*0642l*","Casemiro","MUN","M","244","FA","FUL Fri 3:00PM","100.5","9.14","21%","193.78","25%"
"*06ab3*","Lewis Miley","NEW","M","245","FA","SOU Sat 10:00AM","100","7.69","0%","-","2%"
"*05omu*","Ruben Dias","MCI","D","246","FA","@CHE Sun 11:30AM","99.5","3.43","88%","98.87","90%"
"*06few*","Youssef Chermiti","EVE","F","247","FA","BHA Sat 10:00AM","99.5","11.06","0%","-","1%"
"*02m11*","Matt Doherty","WOL","D","248","FA","@ARS Sat 10:00AM","98","7.54","8%","323.84","5%"
"*05tqx*","David Raya","ARS","G","249","FA","WOL Sat 10:00AM","98","2.58","95%","98.4","96%"
"*0635j*","Chris Richards","CRY","D","250","FA","@BRF Sun 9:00AM","97.5","4.43","11%","300.89","15%"
"*06oav*","Guido Rodríguez","WHU","M","251","FA","AVL Sat 12:30PM","97.5","6.09","2%","1093.35","3%"
"*05oh0*","Jan-Paul van Hecke","BHA","D","252","FA","@EVE Sat 10:00AM","97.5","3.36","4%","351.07","9%"
"*05t6z*","Tim Iroegbunam","EVE","M","253","FA","BHA Sat 10:00AM","96","7.38","1%","1151.16","1%"
"*06ezb*","Micky van de Ven","TOT","D","254","FA","@LEI Mon 3:00PM","95.5","2.89","77%","108.77","82%"
"*0649i*","Antony","MUN","M","256","FA","FUL Fri 3:00PM","94.5","10.5","12%","277.53","14%"
"*052k8*","Tommy Doyle","WOL","M","255","FA","@ARS Sat 10:00AM","94.5","7.27","0%","-","1%"
"*05y9n*","Lewis Hall","NEW","D","257","FA","SOU Sat 10:00AM","94","5.22","55%","130.26","62%"
"*062pl*","Lisandro Martinez","MUN","D","258","FA","FUL Fri 3:00PM","94","3.48","59%","124.72","66%"
"*02y6o*","Nathan Ake","MCI","D","259","FA","@CHE Sun 11:30AM","93.5","4.67","61%","128.43","65%"
"*05ybq*","Vitalii Mykolenko","EVE","D","260","FA","BHA Sat 10:00AM","93.5","3.46","54%","139.49","59%"
"*02lkp*","Raheem Sterling","CHE","F","261","FA","MCI Sun 11:30AM","92.5","10.28","59%","132.71","59%"
"*02lp9*","Kyle Walker","MCI","D","262","FA","@CHE Sun 11:30AM","92.5","3.43","96%","81.98","95%"
"*067ys*","Jack Hinshelwood","BHA","M","263","FA","@EVE Sat 10:00AM","92","7.08","0%","1156.8","2%"
"*05tqz*","Rico Henry","BRF","D","264","FA","CRY Sun 9:00AM","91.5","3.39","25%","148.75","31%"
"*0521z*","James Justin","LEI","D","265","FA","TOT Mon 3:00PM","91.5","3.05","20%","205.91","29%"
"*068yo*","Kamaldeen Sulemana","SOU","M","266","FA","@NEW Sat 10:00AM","91.5","10.17","2%","409.53","2%"
"*04ml6*","Konstantinos Mavropanos","WHU","D","267","FA","AVL Sat 12:30PM","89.5","4.26","0%","1149.6","1%"
"*03yeg*","Tosin Adarabioyo","CHE","D","268","FA","MCI Sun 11:30AM","89","4.05","21%","198.23","26%"
"*04mqv*","Emerson","WHU","D","269","FA","AVL Sat 12:30PM","89","3.3","19%","212.5","24%"
"*06fvn*","Beto","EVE","F","270","FA","BHA Sat 10:00AM","88.5","9.83","2%","414.33","2%"
"*062p5*","Levi Colwill","CHE","D","271","FA","MCI Sun 11:30AM","88","4.4","31%","149.51","35%"
"*064a1*","Boubacar Traore","WOL","M","272","FA","@ARS Sat 10:00AM","88","6.77","0%","1184.53","1%"
"*03vll*","Michail Antonio","WHU","F","273","FA","AVL Sat 12:30PM","87.5","7.95","9%","312.29","7%"
"*04lax*","Hamza Choudhury","LEI","M","274","FA","TOT Mon 3:00PM","86","4.78","0%","-","0%"
"*06j20*","Valentin Barco","BHA","D","275","FA","@EVE Sat 10:00AM","85","4.72","52%","131.27","60%"
"*037wp*","Christian Eriksen","MUN","M","276","FA","FUL Fri 3:00PM","84.5","9.39","1%","1084.94","1%"
"*06fxu*","Ibrahim Sangare","NOT","M","277","FA","BOU Sat 10:00AM","84","6.46","0%","1155","1%"
"*06mg2*","Jack Taylor","IPS","M","278","FA","LIV Sat 7:30AM","84","7.64","0%","-","0%"
"*03r8x*","Callum Wilson","NEW","F","279","FA","SOU Sat 10:00AM","84","12","19%","212.09","24%"
"*05ojg*","Nelson Semedo","WOL","D","280","FA","@ARS Sat 10:00AM","83.5","2.69","7%","334.45","10%"
"*06mfz*","Cameron Burgess","IPS","D","281","FA","LIV Sat 7:30AM","83","3.07","1%","1135.07","1%"
"*04e1c*","Lewis Dunk","BHA","D","282","FA","@EVE Sat 10:00AM","83","2.52","32%","137.21","42%"
"*03r93*","Joseph Gomez","LIV","D","283","FA","@IPS Sat 7:30AM","82.5","5.16","6%","343.43","6%"
"*050jq*","Marc Guehi","CRY","D","284","FA","@BRF Sun 9:00AM","82","2.65","66%","121.77","72%"
"*03dx7*","Ben Mee","BRF","D","285","FA","CRY Sun 9:00AM","81.5","4.29","10%","307.41","12%"
"*037mt*","Harrison Reed","FUL","M","286","FA","@MUN Fri 3:00PM","81","6.23","0%","-","1%"
"*052cc*","Billy Gilmour","BHA","M","287","FA","@EVE Sat 10:00AM","79","4.94","2%","393.56","3%"
"*05yct*","Nathan Patterson","EVE","D","288","FA","BHA Sat 10:00AM","79","3.29","0%","1140.6","1%"
"*05o4b*","Matty Cash","AVL","D","289","FA","@WHU Sat 12:30PM","77.5","4.31","19%","209.32","21%"
"*05w9r*","Takehiro Tomiyasu","ARS","D","290","FA","WOL Sat 10:00AM","76.5","6.95","4%","359.88","5%"
"*06cmu*","Bart Verbruggen","BHA","G","291","FA","@EVE Sat 10:00AM","76","3.17","3%","385.02","7%"
"*0649j*","Manuel Akanji","MCI","D","292","FA","@CHE Sun 11:30AM","75.5","3.28","76%","111.2","79%"
"*06msc*","Jacob Greaves","IPS","D","293","FA","LIV Sat 7:30AM","75.5","3.43","3%","368.51","3%"
"*06mn0*","Igor Thiago","BRF","F","294","FA","CRY Sun 9:00AM","75.5","8.39","26%","143.65","35%"
"*05y7c*","Archie Gray","TOT","M","295","FA","@LEI Mon 3:00PM","75","6.82","18%","216.44","16%"
"*062x7*","Rico Lewis","MCI","D","296","FA","@CHE Sun 11:30AM","73.5","6.68","18%","225.99","19%"
"*02yl5*","John Stones","MCI","D","297","FA","@CHE Sun 11:30AM","73.5","3.34","55%","126.88","57%"
"*04qr0*","Willy Boly","NOT","D","298","FA","BOU Sat 10:00AM","72.5","4.53","55%","131.64","56%"
"*06ew2*","Axel Disasi","CHE","D","299","FA","MCI Sun 11:30AM","72.5","3.82","3%","358.61","4%"
"*04yey*","Max Kilman","WHU","D","300","FA","AVL Sat 12:30PM","72.5","2.2","44%","138.02","48%"
"*02opy*","Adam Lallana","SOU","M","301","FA","@NEW Sat 10:00AM","71.5","5.5","0%","1141","1%"
"*05mxa*","Joel Veltman","BHA","D","302","FA","@EVE Sat 10:00AM","71.5","3.25","1%","1125.38","2%"
"*03zsq*","Kyle Walker-Peters","SOU","D","303","FA","@NEW Sat 10:00AM","71","2.15","23%","176","23%"
"*062ts*","Djed Spence","TOT","D","304","FA","@LEI Mon 3:00PM","70","6.36","2%","368.5","2%"
"*04s60*","Jannik Vestergaard","LEI","D","305","FA","TOT Mon 3:00PM","70","2.26","2%","1080.67","3%"
"*06fwi*","Carlos Baleba","BHA","M","306","FA","@EVE Sat 10:00AM","69.5","5.35","0%","1144.1","1%"
"*06fwz*","Murillo","NOT","D","307","FA","BOU Sat 10:00AM","69.5","2.11","9%","301.99","11%"
"*05ylw*","Rodrigo Bentancur","TOT","M","308","FA","@LEI Mon 3:00PM","68.5","7.61","3%","376.67","4%"
"*05y7i*","Jarell Quansah","LIV","D","309","FA","@IPS Sat 7:30AM","67","6.09","33%","143.31","41%"
"*061vo*","Jay Stansfield","FUL","F","310","FA","@MUN Fri 3:00PM","67","9.57","0%","-","0%"
"*05a6d*","Tariq Lamptey","BHA","D","311","FA","@EVE Sat 10:00AM","66.5","3.69","5%","370.65","5%"
"*06mw0*","Nikola Milenkovic","NOT","D","312","FA","BOU Sat 10:00AM","66.5","2.46","4%","371.08","4%"
"*066r9*","Ehor Yarmolyuk","BRF","M","313","FA","CRY Sun 9:00AM","66.5","7.39","0%","1090.2","1%"
"*06mgj*","Ryan Manning","SOU","D","314","FA","@NEW Sat 10:00AM","64.5","3.23","3%","374.17","3%"
"*0554g*","Calvin Bassey","FUL","D","315","FA","@MUN Fri 3:00PM","64","1.94","4%","358.68","7%"
"*068yi*","Illia Zabarnyi","BOU","D","316","FA","@NOT Sat 10:00AM","63","1.91","10%","315.16","12%"
"*05uhq*","Shea Charles","SOU","M","317","FA","@NEW Sat 10:00AM","62.5","5.68","0%","-","0%"
"*051k5*","Lloyd Kelly","NEW","D","318","FA","SOU Sat 10:00AM","62.5","3.47","3%","369.36","4%"
"*063zi*","Matheus Nunes","MCI","M","319","FA","@CHE Sun 11:30AM","62.5","8.93","1%","1168.73","2%"
"*04qos*","Issa Diop","FUL","D","320","FA","@MUN Fri 3:00PM","62","2","0%","1145.1","1%"
"*0687c*","Carlos Alcaraz","SOU","M","321","FA","@NEW Sat 10:00AM","61.5","6.83","1%","1127.7","2%"
"*02m4d*","Craig Dawson","WOL","D","322","FA","@ARS Sat 10:00AM","61.5","3.62","1%","1129.63","2%"
"*03rvw*","Harry Toffolo","NOT","D","323","FA","BOU Sat 10:00AM","61.5","3.84","1%","1169.37","1%"
"*06329*","Manor Solomon","TOT","F","324","FA","@LEI Mon 3:00PM","61","15.25","6%","339.1","6%"
"*05ts6*","Yerson Mosquera","WOL","D","325","FA","@ARS Sat 10:00AM","60.5","3.02","1%","1113.45","1%"
"*0649k*","Wout Faes","LEI","D","326","FA","TOT Mon 3:00PM","60","1.82","4%","368.53","5%"
"*04f6h*","Matz Sels","NOT","G","327","FA","BOU Sat 10:00AM","60","2.5","2%","1096.89","4%"
"*062a9*","Sven Botman","NEW","D","328","FA","SOU Sat 10:00AM","59","3.69","3%","379.65","5%"
"*03rec*","Tyrone Mings","AVL","D","329","FA","@WHU Sat 12:30PM","58.5","2.17","1%","1132.71","3%"
"*066ni*","Thomas Cannon","LEI","F","330","FA","TOT Mon 3:00PM","57.5","8.21","0%","-","0%"
"*06do9*","Milos Kerkez","BOU","D","331","FA","@NOT Sat 10:00AM","56","2.07","17%","232.05","23%"
"*06mg1*","Marcus Harness","IPS","M","332","FA","LIV Sat 7:30AM","55","7.86","0%","1175.1","0%"
"*05tr5*","Mads Roerslev","BRF","D","333","FA","CRY Sun 9:00AM","54.5","3.41","0%","1161.8","1%"
"*05uel*","Kristoffer Ajer","BRF","D","334","FA","CRY Sun 9:00AM","53.5","4.86","3%","378.59","3%"
"*04mcg*","Ben Johnson","IPS","D","335","FA","LIV Sat 7:30AM","52.5","1.94","1%","1146.91","2%"
"*062p0*","Stefan Bajcetic","LIV","M","336","FA","@IPS Sat 7:30AM","52","7.43","1%","1113.2","2%"
"*055c3*","Gavin Bazunu","SOU","G","337","FA","@NEW Sat 10:00AM","52","2.74","0%","-","1%"
"*05t6x*","William Osula","NEW","F","338","W (Tue)","SOU Sat 10:00AM","51.5","12.88","1%","1121.5","0%"
"*02t20*","Alex McCarthy","SOU","G","339","FA","@NEW Sat 10:00AM","51","2.68","0%","1184.8","1%"
"*06crm*","Pau Torres","AVL","D","340","FA","@WHU Sat 12:30PM","49.5","2.48","20%","188.8","23%"
"*06mnm*","Marc Guiu","CHE","F","341","FA","MCI Sun 11:30AM","49","12.25","6%","353.87","5%"
"*06nu7*","Riccardo Calafiori","ARS","D","342","FA","WOL Sat 10:00AM","48.5","3.73","79%","88.87","85%"
"*04tm0*","Lucas Digne","AVL","D","343","FA","@WHU Sat 12:30PM","48","5.33","36%","144.43","31%"
"*0620k*","Nayef Aguerd","WHU","D","344","FA","AVL Sat 12:30PM","47.5","2.38","0%","-","1%"
"*06mx0*","Leny Yoro","MUN","D","345","FA","FUL Fri 3:00PM","47.5","2.97","27%","148.1","30%"
"*06mx2*","Carlos Miguel","NOT","G","348","FA","BOU Sat 10:00AM","47","3.36","2%","1110.25","2%"
"*05re5*","Carney Chukwuemeka","CHE","M","346","FA","MCI Sun 11:30AM","47","11.75","0%","1167.8","2%"
"*06exa*","Matheus Franca","CRY","F","347","FA","@BRF Sun 9:00AM","47","11.75","1%","1140.31","2%"
"*03ena*","Aaron Cresswell","WHU","D","349","FA","AVL Sat 12:30PM","44.5","2.78","0%","1153.1","1%"
"*062og*","Aaron Hickey","BRF","D","350","FA","CRY Sun 9:00AM","44.5","1.93","0%","-","1%"
"*06nv2*","Dean Huijsen","BOU","D","351","FA","@NOT Sat 10:00AM","44.5","4.05","3%","363.89","2%"
"*03dyl*","Jeffrey Schlupp","CRY","M","352","FA","@BRF Sun 9:00AM","44","7.33","1%","1125.73","1%"
"*052k6*","Taylor Harwood-Bellis","SOU","D","353","FA","@NEW Sat 10:00AM","43","1.48","5%","353.36","6%"
"*043c1*","Oleksandr Zinchenko","ARS","D","354","FA","WOL Sat 10:00AM","43","6.14","37%","143.07","42%"
"*051kg*","Max Aarons","BOU","D","355","FA","@NOT Sat 10:00AM","42.5","2.12","1%","1140.94","1%"
"*05oeh*","Kenny Tete","FUL","D","356","FA","@MUN Fri 3:00PM","42","6","3%","387.02","2%"
"*05unu*","Romeo Lavia","CHE","M","357","FA","MCI Sun 11:30AM","41.5","4.61","8%","330.72","9%"
"*06dmj*","Jurrien Timber","ARS","D","358","FA","WOL Sat 10:00AM","41.5","2.44","85%","107.75","83%"
"*06804*","Benoit Badiashile","CHE","D","359","FA","MCI Sun 11:30AM","41","4.1","1%","1149.83","2%"
"*04fk9*","Jan Bednarek","SOU","D","360","FA","@NEW Sat 10:00AM","41","1.24","1%","1126.65","3%"
"*05opl*","Wesley Fofana","CHE","D","361","FA","MCI Sun 11:30AM","41","4.56","10%","297.97","10%"
"*067yu*","Facundo Buonanotte","LEI","M","362","FA","TOT Mon 3:00PM","40.5","10.12","6%","353.99","7%"
"*062ft*","Tyrell Malacia","MUN","D","363","FA","FUL Fri 3:00PM","39","3.55","0%","1136.8","1%"
"*056ir*","Adam Webster","BHA","D","364","FA","@EVE Sat 10:00AM","39","3","0%","-","1%"
"*06mna*","Enzo Barrenechea","AVL","M","365","FA","@WHU Sat 12:30PM","38.5","5.5","0%","1137.4","0%"
"*052ca*","Ezri Konsa","AVL","D","366","FA","@WHU Sat 12:30PM","38.5","1.17","23%","152.38","28%"
"*06mn7*","Lucas Bergvall","TOT","M","367","FA","@LEI Mon 3:00PM","37.5","9.38","8%","321.57","10%"
"*02lpl*","Seamus Coleman","EVE","D","368","FA","BHA Sat 10:00AM","37.5","2.88","0%","-","0%"
"*02lv9*","James Milner","BHA","M","369","FA","@EVE Sat 10:00AM","37.5","9.38","1%","1125.4","1%"
"*06nyw*","Jorge Cuenca","FUL","D","370","FA","@MUN Fri 3:00PM","37","3.36","1%","1118.23","1%"
"*04yme*","Robert Sanchez","CHE","G","371","FA","MCI Sun 11:30AM","37","4.62","7%","330.31","11%"
"*05w90*","Maxwel Cornet","WHU","M","372","FA","AVL Sat 12:30PM","36.5","9.12","1%","1166.4","0%"
"*06mgp*","Luis Guilherme","WHU","F","373","FA","AVL Sat 12:30PM","36.5","12.17","2%","393.84","3%"
"*05r37*","Jakub Moder","BHA","M","374","FA","@EVE Sat 10:00AM","36.5","9.12","0%","-","0%"
"*05n3v*","Konstantinos Tsimikas","LIV","D","375","FA","@IPS Sat 7:30AM","36.5","9.12","15%","245.17","19%"
"*04rha*","Jason Steele","BHA","G","376","FA","@EVE Sat 10:00AM","36","2.57","2%","387.06","4%"
"*02lny*","Ashley Young","EVE","D","377","FA","BHA Sat 10:00AM","36","2.25","0%","-","1%"
"*061vb*","James Hill","BOU","D","378","FA","@NOT Sat 10:00AM","35.5","5.07","0%","-","0%"
"*03dxq*","Danny Ings","WHU","F","379","FA","AVL Sat 12:30PM","35.5","8.88","0%","1183.4","0%"
"*03v6t*","Ben Chilwell","CHE","D","380","FA","MCI Sun 11:30AM","35","8.75","60%","126.57","60%"
"*06mfy*","Luke Woolfenden","IPS","D","381","FA","LIV Sat 7:30AM","35","1.3","0%","1134.1","1%"
"*062h7*","Tyler Adams","BOU","M","382","FA","@NOT Sat 10:00AM","33","8.25","0%","-","1%"
"*04mup*","Trevoh Chalobah","CHE","D","383","FA","MCI Sun 11:30AM","33","3.67","0%","1184.8","1%"
"*04fyc*","Charlie Taylor","SOU","D","384","FA","@NEW Sat 10:00AM","31.5","2.42","0%","-","1%"
"*05ubt*","Harry Clarke","IPS","D","385","FA","LIV Sat 7:30AM","30.5","3.39","0%","-","0%"
"*06fwx*","Santiago Bueno","WOL","D","386","FA","@ARS Sat 10:00AM","29.5","2.27","0%","-","0%"
"*06eka*","Igor Julio","BHA","D","387","FA","@EVE Sat 10:00AM","29","1.45","0%","-","1%"
"*04qfm*","Ryan Sessegnon","FUL","D","388","FA","@MUN Fri 3:00PM","28.5","7.12","9%","307.3","6%"
"*062oh*","Jake O'Brien","EVE","D","389","FA","BHA Sat 10:00AM","27.5","3.93","6%","343.1","5%"
"*068n9*","Victor Kristiansen","LEI","D","390","FA","TOT Mon 3:00PM","26.5","2.65","2%","1075.4","2%"
"*06ib6*","Tawanda Chirewa","WOL","M","391","FA","@ARS Sat 10:00AM","26","6.5","0%","-","0%"
"*061v9*","Diego Carlos","AVL","D","392","FA","@WHU Sat 12:30PM","26","2.17","1%","1118.83","2%"
"*02lp5*","Adam Smith","BOU","D","393","FA","@NOT Sat 10:00AM","26","1.44","0%","-","0%"
"*03pig*","Jamaal Lascelles","NEW","D","394","FA","SOU Sat 10:00AM","25","2.78","0%","-","0%"
"*06msd*","Yukinari Sugawara","SOU","D","395","FA","@NEW Sat 10:00AM","24","3.43","8%","324.97","8%"
"*0687b*","Alex Moreno","AVL","D","396","FA","@WHU Sat 12:30PM","23.5","5.88","8%","318.51","9%"
"*068sd*","Jakub Kiwior","ARS","D","397","FA","WOL Sat 10:00AM","23","3.29","5%","341.04","9%"
"*06eo0*","Lesley Ugochukwu","CHE","M","398","FA","MCI Sun 11:30AM","22.5","5.62","0%","1168.8","1%"
"*0522a*","James Bree","SOU","D","399","FA","@NEW Sat 10:00AM","21.5","3.07","0%","-","0%"
"*03xrs*","Axel Tuanzebe","IPS","D","400","FA","LIV Sat 7:30AM","21.5","1.95","0%","1216.8","1%"
"*0329y*","Joel Ward","CRY","D","401","FA","@BRF Sun 9:00AM","21","2.33","0%","-","1%"
"*03arh*","Kurt Zouma","WHU","D","402","FA","AVL Sat 12:30PM","20.5","2.93","3%","371.44","3%"
"*03297*","Conor Townsend","IPS","D","403","FA","LIV Sat 7:30AM","19.5","2.17","0%","-","0%"
"*04t95*","Oliver Skipp","TOT","M","404","FA","@LEI Mon 3:00PM","19","4.75","0%","-","0%"
"*04adp*","Aaron Wan-Bissaka","MUN","D","405","FA","FUL Fri 3:00PM","19","4.75","25%","149.95","36%"
"*05w9m*","Emerson Royal","TOT","D","406","FA","@LEI Mon 3:00PM","17.5","4.38","1%","1102.94","2%"
"*02ln2*","Jonny Evans","MUN","D","407","FA","FUL Fri 3:00PM","16","4","0%","1102.8","1%"
"*02t1k*","Nathaniel Clyne","CRY","D","408","FA","@BRF Sun 9:00AM","15","1.36","0%","-","0%"
"*02oo1*","Ben Davies","TOT","D","409","FA","@LEI Mon 3:00PM","13.5","3.38","1%","1135.82","1%"
"*04fyg*","Zanka","BRF","D","410","FA","CRY Sun 9:00AM","13.5","3.38","0%","-","0%"
"*06ime*","Radu Dragusin","TOT","D","411","FA","@LEI Mon 3:00PM","11.5","2.88","3%","379.13","4%"
"*05trt*","Andrew Omobamidele","NOT","D","412","FA","BOU Sat 10:00AM","11.5","1.64","0%","-","0%"
"*04ylt*","Chris Mepham","BOU","D","413","FA","@NOT Sat 10:00AM","10.5","3.5","0%","-","0%"
"*02oq7*","Jack Stephens","SOU","D","414","FA","@NEW Sat 10:00AM","10","0.56","0%","1065.8","0%"
"*04fk8*","Victor Lindelof","MUN","D","415","FA","FUL Fri 3:00PM","9.5","2.38","1%","1191.07","1%"
"*05raa*","Hugo Bueno","WOL","D","416","FA","@ARS Sat 10:00AM","9","2.25","0%","-","1%"
"*06mpc*","Nathan Wood","SOU","D","417","FA","@NEW Sat 10:00AM","6.5","1.62","0%","-","0%"
"*02xtd*","Sam Johnstone","CRY","G","418","FA","@BRF Sun 9:00AM","5","1.25","1%","1123.82","3%"
"*06mq2*","Caleb Okoli","LEI","D","419","FA","TOT Mon 3:00PM","2.5","0.36","0%","-","0%"
"*02ljr*","Conor Coady","LEI","D","420","FA","TOT Mon 3:00PM","1.5","0.38","0%","1171.4","0%"
"*06awq*","George Abbott","TOT","M","421","FA","@LEI Mon 3:00PM","0","0","0%","-","0%"
"*06442*","Zach Abbott","NOT","D","422","FA","BOU Sat 10:00AM","0","0","0%","-","0%"
"*06kwp*","Josh Acheampong","CHE","D","423","FA","MCI Sun 11:30AM","0","0","0%","1053.4","0%"
"*06nvc*","Asher Agbinone","CRY","M","424","FA","@BRF Sun 9:00AM","0","0","0%","-","0%"
"*068ys*","Naouirou Ahamada","CRY","M","425","FA","@BRF Sun 9:00AM","0","0","0%","-","0%"
"*02lkt*","Ali Al Habsi","IPS","F","426","FA","LIV Sat 7:30AM","0","0","1%","1088.8","1%"
"*05ye6*","Will Alves","LEI","M","428","FA","TOT Mon 3:00PM","0","0","0%","-","0%"
"*06byb*","Samuel Amo-Ameyaw","SOU","F","429","FA","@NEW Sat 10:00AM","0","0","0%","-","0%"
"*05vyh*","Andy Moran","BHA","M","599","FA","@EVE Sat 10:00AM","0","0","0%","-","0%"
"*06dmk*","Angelo","CHE","F","452","FA","MCI Sun 11:30AM","0","0","0%","-","0%"
"*059j0*","Faustino Anjorin","CHE","M","430","W (Tue)","MCI Sun 11:30AM","0","0","0%","-","0%"
"*061vk*","Jaidon Anthony","BOU","F","431","FA","@NOT Sat 10:00AM","0","0","0%","1141.8","0%"
"*058vb*","Cameron Archer","AVL","F","432","FA","@WHU Sat 12:30PM","0","0","0%","1133.87","2%"
"*06onv*","Harrison Armstrong","EVE","M","433","W (Tue)","BHA Sat 10:00AM","0","0","0%","-","0%"
"*05ogh*","Harrison Ashby","NEW","D","435","FA","SOU Sat 10:00AM","0","0","0%","-","0%"
"*04gyd*","Brandon Austin","TOT","G","436","FA","@LEI Mon 3:00PM","0","0","0%","1065.6","0%"
"*068yc*","Yasin Ayari","BHA","M","437","FA","@EVE Sat 10:00AM","0","0","0%","1172.8","1%"
"*06mg5*","Leon Ayinde","IPS","M","438","FA","LIV Sat 7:30AM","0","0","0%","1028.8","0%"
"*06fwk*","Emilio Ballard-Matthews","WOL","F","439","FA","@ARS Sat 10:00AM","0","0","0%","1101.8","0%"
"*06iel*","Ty Barnett","WOL","F","440","FA","@ARS Sat 10:00AM","0","0","0%","-","0%"
"*06nbr*","Stevie Bausor","LEI","G","441","FA","TOT Mon 3:00PM","0","0","0%","1093.2","0%"
"*06fx0*","Altay Bayindir","MUN","G","442","FA","FUL Fri 3:00PM","0","0","0%","1130.1","1%"
"*05uhi*","Owen Beck","LIV","D","443","FA","@IPS Sat 7:30AM","0","0","0%","1049.4","0%"
"*0620j*","Armel Bella Kotchap","SOU","D","444","FA","@NEW Sat 10:00AM","0","0","0%","-","0%"
"*06fwn*","Steven Benda","FUL","G","445","FA","@MUN Fri 3:00PM","0","0","0%","-","0%"
"*06nvd*","Lewys Benjamin","WOL","G","446","FA","@ARS Sat 10:00AM","0","0","0%","1114.4","0%"
"*02lo6*","Daniel Bentley","WOL","G","447","FA","@ARS Sat 10:00AM","0","0","0%","1128.8","1%"
"*05uhm*","Lucas Bergstrom","CHE","G","448","FA","MCI Sun 11:30AM","0","0","0%","-","0%"
"*02ls8*","Marcus Bettinelli","CHE","G","449","FA","MCI Sun 11:30AM","0","0","0%","1063.6","0%"
"*05xtt*","Harvey Blair","LIV","F","450","FA","@IPS Sat 7:30AM","0","0","0%","-","0%"
"*05r4h*","Lamare Bogarde","AVL","D","451","W (Tue)","@WHU Sat 12:30PM","0","0","0%","-","0%"
"*06cm7*","Josh Bowler","NOT","M","453","FA","BOU Sat 10:00AM","0","0","0%","-","0%"
"*05ye5*","Sammy Braybrooke","LEI","M","454","FA","TOT Mon 3:00PM","0","0","0%","-","0%"
"*06mgc*","Logan Briggs","LEI","M","455","FA","TOT Mon 3:00PM","0","0","0%","-","0%"
"*05gvx*","Armando Broja","CHE","F","456","FA","MCI Sun 11:30AM","0","0","1%","1148.22","1%"
"*06mg9*","Gerard Buabo","IPS","F","457","FA","LIV Sat 7:30AM","0","0","0%","-","0%"
"*066sm*","Mason Burstow","CHE","F","458","FA","MCI Sun 11:30AM","0","0","0%","1139.8","0%"
"*05a6j*","Chem Campbell","WOL","M","459","FA","@ARS Sat 10:00AM","0","0","0%","-","0%"
"*06idv*","Elijah Campbell","EVE","D","460","FA","BHA Sat 10:00AM","0","0","0%","-","0%"
"*05opn*","Carlos Vinicius","FUL","F","427","FA","@MUN Fri 3:00PM","0","0","0%","1136.6","0%"
"*0579j*","Scott Carson","MCI","G","462","FA","@CHE Sun 11:30AM","0","0","1%","1048.07","0%"
"*0641g*","Cesare Casadei","CHE","M","464","FA","MCI Sun 11:30AM","0","0","0%","-","0%"
"*066iy*","Kaelan Casey","WHU","D","465","FA","AVL Sat 12:30PM","0","0","0%","-","0%"
"*06mgh*","Dylan Charlton","NEW","D","468","FA","SOU Sat 10:00AM","0","0","0%","-","0%"
"*05ygj*","Chiquinho","WOL","F","667","FA","@ARS Sat 10:00AM","0","0","0%","-","0%"
"*06kwf*","Leon Chiwome","WOL","F","469","FA","@ARS Sat 10:00AM","0","0","0%","-","0%"
"*062p2*","Bobby Clark","LIV","M","470","FA","@IPS Sat 7:30AM","0","0","0%","-","0%"
"*06crn*","Toby Collyer","MUN","M","471","W (Tue)","FUL Fri 3:00PM","0","0","0%","-","1%"
"*062om*","Brandon Cover","LEI","M","472","FA","TOT Mon 3:00PM","0","0","0%","-","0%"
"*05xtq*","Matthew Cox","BRF","G","473","FA","CRY Sun 9:00AM","0","0","0%","-","0%"
"*064oo*","Amario Cozier-Duberry","BHA","M","474","FA","@EVE Sat 10:00AM","0","0","1%","1125.55","1%"
"*062p6*","Billy Crellin","EVE","G","475","FA","BHA Sat 10:00AM","0","0","0%","1178.8","0%"
"*052k1*","Luke Cundle","WOL","M","476","FA","@ARS Sat 10:00AM","0","0","0%","-","0%"
"*06mnd*","Eric da Silva Moreira","NOT","F","694","FA","BOU Sat 10:00AM","0","0","0%","1112.8","0%"
"*06clv*","Mahmoud Dahoud","BHA","M","477","FA","@EVE Sat 10:00AM","0","0","0%","-","0%"
"*05gcq*","Daniel Podence","WOL","M","466","FA","@ARS Sat 10:00AM","0","0","0%","1181.8","0%"
"*06klv*","Jayden Danns","LIV","F","478","FA","@IPS Sat 7:30AM","0","0","0%","-","1%"
"*048xg*","Josh Dasilva","BRF","M","479","FA","CRY Sun 9:00AM","0","0","0%","-","0%"
"*05rfp*","Harvey Davies","LIV","G","480","FA","@IPS Sat 7:30AM","0","0","0%","-","0%"
"*05zd7*","Lucas De Bolle","NEW","M","481","FA","SOU Sat 10:00AM","0","0","0%","-","0%"
"*06ewn*","Luc De Fougerolles","FUL","D","482","FA","@MUN Fri 3:00PM","0","0","0%","-","0%"
"*06fum*","Deivid Washington","CHE","F","696","FA","MCI Sun 11:30AM","0","0","0%","-","1%"
"*04u6i*","Leander Dendoncker","AVL","M","483","FA","@WHU Sat 12:30PM","0","0","0%","-","0%"
"*05tz8*","Emmanuel Dennis","NOT","F","484","FA","BOU Sat 10:00AM","0","0","0%","1125.8","0%"
"*056as*","William Dennis","BOU","G","485","FA","@NOT Sat 10:00AM","0","0","0%","-","0%"
"*06kx1*","Justin Devenny","CRY","M","486","FA","@BRF Sun 9:00AM","0","0","0%","-","0%"
"*05nio*","Alfie Devine","TOT","M","487","FA","@LEI Mon 3:00PM","0","0","0%","-","0%"
"*06exh*","Amadou Diallo","NEW","F","488","FA","SOU Sat 10:00AM","0","0","0%","-","0%"
"*06195*","Tyler Dibling","SOU","M","489","FA","@NEW Sat 10:00AM","0","0","0%","-","0%"
"*06cmd*","Diego Moreira","CHE","F","693","FA","MCI Sun 11:30AM","0","0","0%","1100.8","0%"
"*06onu*","Roman Dixon","EVE","D","490","W (Tue)","BHA Sat 10:00AM","0","0","0%","-","0%"
"*066nn*","Ben Doak","LIV","F","491","FA","@IPS Sat 7:30AM","0","0","0%","-","1%"
"*03ala*","Janoi Donacien","IPS","D","492","FA","LIV Sat 7:30AM","0","0","0%","1076.6","0%"
"*066t3*","Jamie Donley","TOT","F","493","FA","@LEI Mon 3:00PM","0","0","0%","-","1%"
"*04mr4*","Martin Dubravka","NEW","G","494","FA","SOU Sat 10:00AM","0","0","0%","1139.1","2%"
"*068se*","Jhon Duran","AVL","F","495","FA","@WHU Sat 12:30PM","0","0","10%","308.13","11%"
"*06dmn*","George Earthy","WHU","M","496","FA","AVL Sat 12:30PM","0","0","0%","-","1%"
"*06mfx*","George Edmundson","IPS","D","497","FA","LIV Sat 7:30AM","0","0","0%","-","0%"
"*06mp2*","Ronnie Edwards","SOU","D","498","FA","@NEW Sat 10:00AM","0","0","0%","-","0%"
"*06onw*","Johnny Emerson","NEW","F","499","W (Tue)","SOU Sat 10:00AM","0","0","0%","-","0%"
"*06on4*","Julian Eyestone","BRF","G","500","W (Tue)","CRY Sun 9:00AM","0","0","0%","-","0%"
"*02lym*","Lukasz Fabianski","WHU","G","501","FA","AVL Sat 12:30PM","0","0","0%","-","1%"
"*05ojf*","Fabio Carvalho","LIV","M","463","FA","@IPS Sat 7:30AM","0","0","16%","235.21","30%"
"*05o8k*","Fabio Silva","WOL","F","655","FA","@ARS Sat 10:00AM","0","0","0%","-","0%"
"*06jgk*","Romain Faivre","BOU","M","502","FA","@NOT Sat 10:00AM","0","0","0%","-","1%"
"*06nvg*","Joao Pedro Ferreira da Silva","NOT","F","503","FA","BOU Sat 10:00AM","0","0","2%","1077.83","2%"
"*05n0a*","Wes Foderingham","WHU","G","504","FA","AVL Sat 12:30PM","0","0","0%","1161.2","1%"
"*067z4*","David Datro Fofana","CHE","F","505","FA","MCI Sun 11:30AM","0","0","1%","1140.7","1%"
"*02ltw*","Fraser Forster","TOT","G","506","FA","@LEI Mon 3:00PM","0","0","0%","-","0%"
"*066j7*","Nathan Fraser","WOL","F","507","FA","@ARS Sat 10:00AM","0","0","0%","-","0%"
"*03r8r*","Ryan Fraser","NEW","M","508","FA","SOU Sat 10:00AM","0","0","0%","-","0%"
"*046c7*","Freddie Ladapo","IPS","F","572","FA","LIV Sat 7:30AM","0","0","0%","1111.8","0%"
"*06igq*","Benjamin Fredrick","BRF","D","509","FA","CRY Sun 9:00AM","0","0","0%","-","0%"
"*063u9*","Remo Freuler","NOT","M","510","FA","BOU Sat 10:00AM","0","0","0%","-","0%"
"*051k8*","Conor Gallagher","CHE","M","511","FA","MCI Sun 11:30AM","0","0","68%","102.49","56%"
"*06igy*","Joe Gardner","NOT","F","513","FA","BOU Sat 10:00AM","0","0","0%","1153.8","0%"
"*06jgt*","Joe Gauci","AVL","G","514","FA","@WHU Sat 12:30PM","0","0","0%","-","0%"
"*06l4i*","Tyrique George","CHE","F","515","FA","MCI Sun 11:30AM","0","0","0%","-","0%"
"*05n09*","Mark Gillespie","NEW","G","516","FA","SOU Sat 10:00AM","0","0","0%","-","0%"
"*06nbs*","Harvey Godsmark-Ford","LEI","M","517","FA","TOT Mon 3:00PM","0","0","0%","1173.8","0%"
"*06igr*","Michael Golding","LEI","M","518","FA","TOT Mon 3:00PM","0","0","0%","1116.8","0%"
"*063e8*","Goncalo Guedes","WOL","F","512","FA","@ARS Sat 10:00AM","0","0","0%","-","0%"
"*06fwo*","Enso Gonzalez","WOL","F","519","FA","@ARS Sat 10:00AM","0","0","0%","-","0%"
"*05uhl*","Kaide Gordon","LIV","F","520","FA","@IPS Sat 7:30AM","0","0","0%","-","0%"
"*066rn*","Daniel Gore","MUN","M","521","W (Tue)","FUL Fri 3:00PM","0","0","0%","1121.8","0%"
"*066rj*","Sean Grehan","CRY","D","522","FA","@BRF Sun 9:00AM","0","0","0%","-","0%"
"*062z6*","Harvey Griffiths","WOL","M","523","FA","@ARS Sat 10:00AM","0","0","0%","-","0%"
"*06exj*","Luca Gunter","TOT","G","524","FA","@LEI Mon 3:00PM","0","0","0%","-","0%"
"*06lvm*","Tyrese Hall","TOT","M","525","FA","@LEI Mon 3:00PM","0","0","0%","-","0%"
"*06h1g*","Aidan Harris","NEW","G","526","FA","SOU Sat 10:00AM","0","0","0%","-","0%"
"*06ids*","Adam Harrison","NEW","G","527","FA","SOU Sat 10:00AM","0","0","0%","-","0%"
"*06nv5*","Alfie Harrison","NEW","M","528","FA","SOU Sat 10:00AM","0","0","0%","1154","0%"
"*04qr4*","Kortney Hause","AVL","D","529","FA","@WHU Sat 12:30PM","0","0","0%","-","0%"
"*035mq*","Isaac Hayden","NEW","M","530","FA","SOU Sat 10:00AM","0","0","0%","-","0%"
"*06nyv*","Chanse Headman","BRF","D","531","FA","CRY Sun 9:00AM","0","0","0%","1050","0%"
"*03dwz*","Tom Heaton","MUN","G","532","FA","FUL Fri 3:00PM","0","0","1%","1084.9","1%"
"*06nv4*","Cathal Heffernan","NEW","D","533","FA","SOU Sat 10:00AM","0","0","0%","-","0%"
"*05oz4*","Karl Hein","ARS","G","534","FA","WOL Sat 10:00AM","0","0","1%","1093.05","0%"
"*06jfq*","Travis Hernes","NEW","M","535","FA","SOU Sat 10:00AM","0","0","0%","-","0%"
"*06nyx*","Finlay Herrick","WHU","G","536","FA","AVL Sat 12:30PM","0","0","0%","1114","0%"
"*06nlc*","Reigan Heskey","MCI","F","537","FA","@CHE Sun 11:30AM","0","0","0%","1150.4","0%"
"*062z5*","Joseph Hodge","WOL","M","538","FA","@ARS Sat 10:00AM","0","0","0%","-","0%"
"*04yjx*","Ki-Jana Hoever","WOL","D","539","FA","@ARS Sat 10:00AM","0","0","0%","-","0%"
"*044nm*","Rob Holding","CRY","D","540","FA","@BRF Sun 9:00AM","0","0","0%","-","0%"
"*03v6s*","Mason Holgate","EVE","D","541","FA","BHA Sat 10:00AM","0","0","0%","-","0%"
"*06mww*","Isaac Holland","BRF","M","542","FA","CRY Sun 9:00AM","0","0","0%","-","0%"
"*06kx6*","Fletcher Holman","WOL","F","543","FA","@ARS Sat 10:00AM","0","0","0%","-","0%"
"*06ib4*","Justin Hubner","WOL","D","544","FA","@ARS Sat 10:00AM","0","0","0%","-","0%"
"*04f6o*","Will Hughes","CRY","M","545","FA","@BRF Sun 9:00AM","0","0","0%","-","0%"
"*066sh*","Bashir Humphreys","CHE","D","546","FA","MCI Sun 11:30AM","0","0","0%","1106.1","0%"
"*06mg4*","Cameron Humphreys","IPS","M","547","FA","LIV Sat 7:30AM","0","0","0%","1054.8","0%"
"*06exf*","James Huntley","NEW","M","548","FA","SOU Sat 10:00AM","0","0","0%","-","0%"
"*06cm9*","Hwang Ui-Jo","NOT","F","549","FA","BOU Sat 10:00AM","0","0","0%","1103.8","0%"
"*06mnb*","Samuel Iling-Junior","AVL","F","550","FA","@WHU Sat 12:30PM","0","0","1%","1093.4","1%"
"*06kyx*","Andy Irving","WHU","M","551","FA","AVL Sat 12:30PM","0","0","0%","-","0%"
"*052i5*","Daniel Iversen","LEI","G","552","FA","TOT Mon 3:00PM","0","0","0%","-","0%"
"*052ce*","Vitezslav Jaros","LIV","G","553","FA","@IPS Sat 7:30AM","0","0","0%","-","0%"
"*06nva*","Mofe Jemide","CRY","D","554","FA","@BRF Sun 9:00AM","0","0","0%","-","0%"
"*0570n*","Joao Cancelo","MCI","D","467","FA","@CHE Sun 11:30AM","0","0","5%","366.84","4%"
"*04tsc*","Joao Virginia","EVE","G","609","FA","BHA Sat 10:00AM","0","0","0%","1074.6","1%"
"*064a2*","Juan Larios","SOU","D","574","FA","@NEW Sat 10:00AM","0","0","0%","-","0%"
"*062cl*","Issa Kabore","MCI","D","555","W (Tue)","@CHE Sun 11:30AM","0","0","1%","1117","1%"
"*06492*","Sasa Kalajdzic","WOL","F","556","FA","@ARS Sat 10:00AM","0","0","0%","-","0%"
"*0327r*","Michael Keane","EVE","D","557","FA","BHA Sat 10:00AM","0","0","0%","-","1%"
"*045ob*","Caoimhin Kelleher","LIV","G","558","FA","@IPS Sat 7:30AM","0","0","1%","1114.03","2%"
"*06nyz*","Patrick Kelly","WHU","M","559","FA","AVL Sat 12:30PM","0","0","0%","-","0%"
"*06dpv*","Omari Kellyman","CHE","M","560","FA","MCI Sun 11:30AM","0","0","0%","-","1%"
"*04u40*","Kepa","CHE","G","434","FA","MCI Sun 11:30AM","0","0","0%","1057.8","1%"
"*06igt*","Aaron Keto-Diyawa","WOL","D","561","FA","@ARS Sat 10:00AM","0","0","0%","-","0%"
"*057a1*","Gavin Kilkenny","BOU","M","562","FA","@NOT Sat 10:00AM","0","0","0%","-","0%"
"*06dpw*","Ji-Soo Kim","BRF","D","563","FA","CRY Sun 9:00AM","0","0","0%","1083.8","0%"
"*06cmt*","Tom King","WOL","G","564","FA","@ARS Sat 10:00AM","0","0","0%","-","0%"
"*068z2*","Max Kinsey-Wellings","BOU","D","565","FA","@NOT Sat 10:00AM","0","0","0%","-","0%"
"*06nz0*","Gideon Kodua","WHU","F","566","FA","AVL Sat 12:30PM","0","0","0%","-","0%"
"*06ils*","Yunus Konak","BRF","M","567","FA","CRY Sun 9:00AM","0","0","0%","-","0%"
"*06do4*","Louie Koumas","LIV","F","568","FA","@IPS Sat 7:30AM","0","0","0%","1078.2","0%"
"*06nvb*","Caleb Kporha","CRY","D","569","FA","@BRF Sun 9:00AM","0","0","0%","1181.4","0%"
"*05746*","Emil Krafth","NEW","D","570","FA","SOU Sat 10:00AM","0","0","0%","-","0%"
"*067yw*","Garang Kuol","NEW","F","571","FA","SOU Sat 10:00AM","0","0","0%","-","0%"
"*066t2*","Will Lankshear","TOT","F","573","FA","@LEI Mon 3:00PM","0","0","0%","-","0%"
"*051kd*","Jamal Lewis","NEW","D","575","FA","SOU Sat 10:00AM","0","0","0%","1092.8","0%"
"*061z6*","Mateusz Lis","SOU","G","576","FA","@NEW Sat 10:00AM","0","0","0%","-","0%"
"*0574a*","Giovani Lo Celso","TOT","M","577","FA","@LEI Mon 3:00PM","0","0","1%","1126.5","1%"
"*02m7x*","Romelu Lukaku","CHE","F","578","FA","MCI Sun 11:30AM","0","0","3%","391.39","2%"
"*03dyr*","Joe Lumley","SOU","G","579","FA","@NEW Sat 10:00AM","0","0","0%","1149.8","0%"
"*04tsf*","Paris Maghoma","BRF","M","580","FA","CRY Sun 9:00AM","0","0","0%","1066.6","0%"
"*05xts*","Wanya Marcal-Madivadua","LEI","M","581","FA","TOT Mon 3:00PM","0","0","0%","1038.1","0%"
"*05uem*","Marcelo Pitaluga","LIV","G","695","FA","@IPS Sat 7:30AM","0","0","0%","1176.4","0%"
"*06kz9*","Roshaun Mathurin","CRY","F","582","FA","@BRF Sun 9:00AM","0","0","0%","1097.4","0%"
"*06gxa*","Alex Matos","CHE","F","583","FA","MCI Sun 11:30AM","0","0","0%","-","0%"
"*05ubh*","Remi Matthews","CRY","G","584","FA","@BRF Sun 9:00AM","0","0","0%","-","0%"
"*056mf*","Neal Maupay","EVE","F","585","FA","BHA Sat 10:00AM","0","0","0%","1144.1","1%"
"*06igf*","Adrian Mazilu","BHA","F","586","FA","@EVE Sat 10:00AM","0","0","0%","-","0%"
"*03pih*","Kevin Mbabu","FUL","D","587","FA","@MUN Fri 3:00PM","0","0","0%","-","0%"
"*05uhs*","James Mcatee","MCI","M","591","FA","@CHE Sun 11:30AM","0","0","3%","398.59","4%"
"*06do3*","James McConnell","LIV","M","588","FA","@IPS Sat 7:30AM","0","0","0%","1124.8","0%"
"*06ivf*","Jamie McDonnell","NOT","M","589","FA","BOU Sat 10:00AM","0","0","0%","-","0%"
"*06mwx*","Conor McManus","BRF","M","590","FA","CRY Sun 9:00AM","0","0","0%","-","0%"
"*06mgk*","Jayden Meghoma","SOU","D","592","FA","@NEW Sat 10:00AM","0","0","0%","-","0%"
"*05t6y*","Hannibal Mejbri","MUN","M","593","FA","FUL Fri 3:00PM","0","0","0%","-","0%"
"*06idw*","Jenson Metcalfe","EVE","M","594","FA","BHA Sat 10:00AM","0","0","0%","-","0%"
"*061y9*","Alex Mighten","NOT","F","595","FA","BOU Sat 10:00AM","0","0","0%","-","0%"
"*06ex0*","Jamie Miley","NEW","M","596","FA","SOU Sat 10:00AM","0","0","0%","-","0%"
"*06c6g*","Yankuba Minteh","BHA","F","597","FA","@EVE Sat 10:00AM","0","0","58%","120.71","66%"
"*06lox*","Mikey Moore","TOT","M","598","FA","@LEI Mon 3:00PM","0","0","2%","1074.95","2%"
"*06mwz*","Iwan Morgan","BRF","F","600","FA","CRY Sun 9:00AM","0","0","0%","-","0%"
"*05uhk*","Tyler Morton","LIV","M","601","FA","@IPS Sat 7:30AM","0","0","0%","-","0%"
"*06on6*","Anthony Munda","NEW","M","602","W (Tue)","SOU Sat 10:00AM","0","0","0%","-","0%"
"*06ewy*","Alex Murphy","NEW","D","603","FA","SOU Sat 10:00AM","0","0","0%","-","0%"
"*06kud*","Amara Nallo","LIV","M","604","FA","@IPS Sat 7:30AM","0","0","0%","-","0%"
"*06exi*","Michael Ndiweni","NEW","F","605","FA","SOU Sat 10:00AM","0","0","0%","-","0%"
"*06kyv*","Kosta Nedeljkovic","AVL","D","606","FA","@WHU Sat 12:30PM","0","0","1%","1065.88","1%"
"*05qz9*","Ben Nelson","LEI","D","607","FA","TOT Mon 3:00PM","0","0","0%","-","0%"
"*04ge8*","Reiss Nelson","ARS","F","608","FA","WOL Sat 10:00AM","0","0","1%","1122.49","2%"
"*06hze*","Treymaurice Nyoni","LIV","M","610","FA","@IPS Sat 7:30AM","0","0","0%","-","1%"
"*05vyg*","Odeluga Offiah","BHA","D","612","FA","@EVE Sat 10:00AM","0","0","0%","1052.8","0%"
"*06l53*","Temple Ojinnaka","WOL","M","613","FA","@ARS Sat 10:00AM","0","0","0%","-","0%"
"*06kum*","Wesley Okoduwa","WOL","D","614","FA","@ARS Sat 10:00AM","0","0","0%","1116.8","0%"
"*05osa*","Robin Olsen","AVL","G","615","FA","@WHU Sat 12:30PM","0","0","0%","-","1%"
"*068yp*","Paul Onuachu","SOU","F","616","FA","@NEW Sat 10:00AM","0","0","0%","-","0%"
"*067x8*","Nico O'Reilly","MCI","M","611","W (Tue)","@CHE Sun 11:30AM","0","0","0%","-","0%"
"*066iz*","Lewis Orford","WHU","M","617","FA","AVL Sat 12:30PM","0","0","0%","-","0%"
"*062cw*","Stefan Ortega Moreno","MCI","G","618","FA","@CHE Sun 11:30AM","0","0","6%","349.34","7%"
"*06mn1*","Ibrahim Osman","BHA","F","619","FA","@EVE Sat 10:00AM","0","0","5%","375.08","3%"
"*06mwu*","Riley Owen","BRF","M","620","FA","CRY Sun 9:00AM","0","0","0%","-","0%"
"*06ex1*","Ben Parkinson","NEW","F","621","FA","SOU Sat 10:00AM","0","0","0%","-","0%"
"*05os9*","Thomas Partey","ARS","M","622","FA","WOL Sat 10:00AM","0","0","8%","324.22","7%"
"*05nuf*","Myles Peart-Harris","BRF","M","623","FA","CRY Sun 9:00AM","0","0","0%","-","0%"
"*06mrz*","Pedro Lima","WOL","D","461","FA","@ARS Sat 10:00AM","0","0","1%","1102.84","1%"
"*05ou8*","Facundo Pellistri","MUN","M","624","FA","FUL Fri 3:00PM","0","0","0%","1170.4","0%"
"*068sf*","Maximo Perrone","MCI","M","625","FA","@CHE Sun 11:30AM","0","0","0%","-","0%"
"*06451*","Cameron Peupion","BHA","M","626","FA","@EVE Sat 10:00AM","0","0","0%","-","0%"
"*06exk*","Ashley Phillips","TOT","D","627","FA","@LEI Mon 3:00PM","0","0","0%","-","0%"
"*05n03*","Kalvin Phillips","MCI","M","628","FA","@CHE Sun 11:30AM","0","0","0%","1169.8","1%"
"*062dl*","Killian Phillips","CRY","M","629","FA","@BRF Sun 9:00AM","0","0","0%","-","0%"
"*04rxe*","Nathaniel Phillips","LIV","D","630","FA","@IPS Sat 7:30AM","0","0","0%","-","0%"
"*05y5b*","Freddie Potts","WHU","M","631","FA","AVL Sat 12:30PM","0","0","0%","-","0%"
"*05rjn*","Jesurun Rak-Sakyi","CRY","M","632","FA","@BRF Sun 9:00AM","0","0","2%","1101.76","1%"
"*04amh*","Aaron Ramsdale","ARS","G","633","FA","WOL Sat 10:00AM","0","0","4%","392.71","4%"
"*06nve*","Luke Rawlings","WOL","M","634","FA","@ARS Sat 10:00AM","0","0","0%","-","0%"
"*062dm*","Jadan Raymond","CRY","M","635","FA","@BRF Sun 9:00AM","0","0","0%","-","0%"
"*05ohc*","Sergio Reguilon","TOT","D","636","FA","@LEI Mon 3:00PM","0","0","24%","159.58","29%"
"*06mry*","Renato Veiga","CHE","M","692","FA","MCI Sun 11:30AM","0","0","0%","-","0%"
"*06mnn*","Chadi Riad","CRY","D","637","FA","@BRF Sun 9:00AM","0","0","0%","1096.8","1%"
"*062op*","Omar Richards","NOT","D","638","FA","BOU Sat 10:00AM","0","0","0%","1181.8","0%"
"*06nyy*","Junior Robinson","WHU","D","639","FA","AVL Sat 12:30PM","0","0","0%","-","0%"
"*062oi*","Kaden Rodney","CRY","M","640","FA","@BRF Sun 9:00AM","0","0","0%","-","0%"
"*06nkh*","Reggie Rose","BRF","G","641","FA","CRY Sun 9:00AM","0","0","0%","-","0%"
"*02m3v*","John Ruddy","NEW","G","642","FA","SOU Sat 10:00AM","0","0","0%","1090.8","0%"
"*062ct*","Carl Rushworth","BHA","G","643","FA","@EVE Sat 10:00AM","0","0","0%","-","0%"
"*06bq0*","Imari Samuels","BHA","D","644","FA","@EVE Sat 10:00AM","0","0","0%","-","0%"
"*04gw7*","Jadon Sancho","MUN","F","645","FA","FUL Fri 3:00PM","0","0","43%","139.68","42%"
"*06nv6*","Trevan Sanusi","NEW","F","646","FA","SOU Sat 10:00AM","0","0","0%","-","0%"
"*05x9k*","Jeremy Sarmiento","BHA","F","647","FA","@EVE Sat 10:00AM","0","0","2%","1092.6","1%"
"*06635*","Oliver Scarles","WHU","D","648","FA","AVL Sat 12:30PM","0","0","0%","-","0%"
"*05nip*","Dane Scarlett","TOT","F","649","FA","@LEI Mon 3:00PM","0","0","0%","-","0%"
"*06on5*","Leo Shahar","NEW","D","650","W (Tue)","SOU Sat 10:00AM","0","0","0%","-","0%"
"*02lkm*","Jonjo Shelvey","NOT","M","651","FA","BOU Sat 10:00AM","0","0","0%","1097.8","0%"
"*062cj*","Abdallah Sima","BHA","F","652","FA","@EVE Sat 10:00AM","0","0","0%","-","0%"
"*05y5c*","Kamarai Simon-Swyer","WHU","F","653","FA","AVL Sat 12:30PM","0","0","0%","1043.2","0%"
"*05uhn*","Cieran Slicker","IPS","G","654","FA","LIV Sat 7:30AM","0","0","1%","1149.07","0%"
"*06mgi*","Ellis Stanton","NEW","M","656","FA","SOU Sat 10:00AM","0","0","0%","-","0%"
"*06nl8*","Luca Stephenson","LIV","M","657","FA","@IPS Sat 7:30AM","0","0","0%","1052.4","0%"
"*06mgm*","Ross Stewart","SOU","F","658","FA","@NEW Sat 10:00AM","0","0","0%","-","0%"
"*05o6x*","Jakub Stolarczyk","LEI","G","659","FA","TOT Mon 3:00PM","0","0","0%","-","0%"
"*06gx9*","Ronnie Stutter","CHE","F","660","FA","MCI Sun 11:30AM","0","0","0%","-","0%"
"*05r3z*","Sil Swinkels","AVL","D","661","W (Tue)","@WHU Sat 12:30PM","0","0","0%","-","0%"
"*0372y*","Matt Targett","NEW","D","662","FA","SOU Sat 10:00AM","0","0","0%","-","0%"
"*05m46*","Luke Thomas","LEI","D","663","FA","TOT Mon 3:00PM","0","0","0%","-","0%"
"*06mgg*","Ciaran Thompson","NEW","D","664","FA","SOU Sat 10:00AM","0","0","0%","-","0%"
"*05749*","Kieran Tierney","ARS","D","665","FA","WOL Sat 10:00AM","0","0","0%","-","0%"
"*06onx*","Jean-Clair Todibo","WHU","D","666","W (Tue)","AVL Sat 12:30PM","0","0","3%","337.28","3%"
"*068yr*","Hamed Traore","BOU","M","668","FA","@NOT Sat 10:00AM","0","0","0%","1171.4","0%"
"*04vy4*","Mark Travers","BOU","G","669","FA","@NOT Sat 10:00AM","0","0","0%","1155.8","1%"
"*0643w*","Ryan Trevitt","BRF","M","670","FA","CRY Sun 9:00AM","0","0","0%","-","0%"
"*062ds*","Matt Turner","NOT","G","671","FA","BOU Sat 10:00AM","0","0","1%","1120.15","2%"
"*06ewz*","Jay Turner-Cooke","NEW","M","672","FA","SOU Sat 10:00AM","0","0","0%","-","0%"
"*05x9j*","Ed Turns","BHA","D","673","FA","@EVE Sat 10:00AM","0","0","0%","-","0%"
"*05rc7*","Harry Tyrer","EVE","G","674","FA","BHA Sat 10:00AM","0","0","0%","-","0%"
"*06kk4*","Franco Umeh-Chibueze","CRY","F","675","FA","@BRF Sun 9:00AM","0","0","0%","1160.8","0%"
"*06jfe*","Hakon Valdimarsson","BRF","G","676","FA","CRY Sun 9:00AM","0","0","0%","1126.1","1%"
"*05220*","Sepp van den Berg","LIV","D","697","FA","@IPS Sat 7:30AM","0","0","0%","1117.8","0%"
"*06fxg*","Odysseas Vlachodimos","NEW","G","677","FA","SOU Sat 10:00AM","0","0","0%","1152.8","0%"
"*04fjz*","Christian Walton","IPS","G","678","FA","LIV Sat 7:30AM","0","0","0%","-","0%"
"*02t1a*","Danny Ward","LEI","G","679","FA","TOT Mon 3:00PM","0","0","0%","1042.8","0%"
"*05r4z*","Jensen Weir","BHA","M","680","FA","@EVE Sat 10:00AM","0","0","0%","-","0%"
"*05ye4*","Jack Wells-Morrison","CRY","M","681","FA","@BRF Sun 9:00AM","0","0","0%","-","0%"
"*05wqy*","Joe White","NEW","M","682","FA","SOU Sat 10:00AM","0","0","0%","-","0%"
"*048xn*","Alfie Whiteman","TOT","G","683","FA","@LEI Mon 3:00PM","0","0","0%","-","0%"
"*06ib5*","Matthew Whittingham","WOL","M","684","FA","@ARS Sat 10:00AM","0","0","0%","-","0%"
"*06nbq*","Caleb Wiley","CHE","D","685","FA","MCI Sun 11:30AM","0","0","0%","1108.8","0%"
"*05oji*","Rhys Williams","LIV","D","686","FA","@IPS Sat 7:30AM","0","0","0%","1176.8","0%"
"*05wwd*","Joshua Wilson-Esbrand","MCI","D","687","FA","@CHE Sun 11:30AM","0","0","0%","1169.6","0%"
"*061xw*","Joe Worrall","NOT","D","688","FA","BOU Sat 10:00AM","0","0","0%","-","0%"
"*06avm*","James Wright","AVL","G","689","W (Tue)","@WHU Sat 12:30PM","0","0","0%","-","0%"
"*06msb*","Malick Yalcouye","BHA","M","690","FA","@EVE Sat 10:00AM","0","0","0%","1079.4","0%"
"*06mwv*","Tony Yogane","BRF","M","691","FA","CRY Sun 9:00AM","0","0","0%","-","0%"
